CityName,Temperature,Latitude,Longitude,Humidity,Cloudiness,WindSpeed,Country
Avarua,23.0,-21.21,-159.78,94,40,1.5,CK
Moose Factory,0.0,51.26,-80.61,93,1,3.1,CA
Hobart,10.0,-42.88,147.33,71,40,4.6,AU
Cape Town,13.0,-33.93,18.42,87,75,4.6,ZA
Tuktoyaktuk,2.0,69.44,-133.03,94,90,4.1,CA
Dikson,1.09,73.51,80.55,97,8,5.81,RU
Ilulissat,2.0,69.22,-51.1,80,92,1.5,GL
Seguin,26.51,29.57,-97.96,78,90,3.6,US
Punta Arenas,1.0,-53.16,-70.91,100,75,3.6,CL
San Miguel,1.32,-34.54,-58.72,59,0,1.5,AR
Xichang,19.29,27.88,102.25,81,64,0.86,CN
Khatanga,17.59,71.98,102.47,83,0,3.76,RU
Vaini,21.44,15.34,74.49,100,100,1.96,IN
Busselton,17.64,-33.64,115.35,100,12,2.21,AU
San Quintin,31.0,17.54,120.52,74,20,4.1,PH
Kichmengskiy Gorodok,28.69,59.99,45.81,54,0,2.11,RU
Punta Arenas,1.0,-53.16,-70.91,100,75,3.6,CL
Port Elizabeth,20.52,39.31,-74.98,100,75,1.31,US
Egvekinot,5.44,66.32,-179.17,80,64,2.56,RU
Juneau,11.82,58.3,-134.42,71,90,1.16,US
Lebu,23.09,8.96,38.73,35,64,1.61,ET
Neyshabur,31.69,36.21,58.79,23,76,2.81,IR
Nikolskoye,15.0,59.7,30.79,72,20,4.0,RU
Pontes e Lacerda,17.34,-15.23,-59.33,79,20,1.21,BR
Narsaq,4.0,60.91,-46.05,86,75,1.0,GL
Kapaa,25.44,22.08,-159.32,78,20,9.3,US
Los Llanos de Aridane,21.0,28.66,-17.92,73,20,1.5,ES
Vila,19.63,45.18,8.4,56,40,2.1,IT
Komsomolskiy,18.84,67.55,63.78,60,0,5.36,RU
Aripuana,22.04,-9.17,-60.63,84,0,0.91,BR
Visnes,12.57,59.36,5.22,93,75,4.1,NO
Mataura,3.34,-46.19,168.86,90,12,4.81,NZ
Suluq,26.0,31.67,20.25,61,40,5.1,LY
Punta Arenas,1.0,-53.16,-70.91,100,75,3.6,CL
Mataura,3.34,-46.19,168.86,90,12,4.81,NZ
Barrow,-0.97,-38.31,-60.23,37,0,5.06,AR
Mattru,23.94,7.62,-11.83,100,80,1.61,SL
Kapaa,25.44,22.08,-159.32,78,20,9.3,US
Nishihara,26.0,35.74,139.53,73,75,2.6,JP
Butaritari,29.24,3.07,172.79,100,88,2.81,KI
Chokurdakh,10.69,70.62,147.9,75,12,3.61,RU
Saint-Georges,12.59,46.12,-70.67,89,100,1.36,CA
Busselton,17.64,-33.64,115.35,100,12,2.21,AU
Christchurch,10.0,-43.53,172.64,57,0,5.7,NZ
Nueva Armenia,14.64,13.76,-87.16,87,0,0.96,HN
Jamestown,7.29,-33.21,138.6,69,0,2.91,AU
Sangmelima,23.64,2.93,11.98,89,76,1.31,CM
Alekseyevka,29.0,53.25,50.49,37,0,2.0,RU
Khandyga,19.34,62.65,135.58,47,80,2.86,RU
Vaini,21.44,15.34,74.49,100,100,1.96,IN
Guerrero Negro,13.79,27.97,-114.04,100,32,1.26,MX
Georgetown,24.0,6.8,-58.16,94,40,2.1,GY
Hilo,24.0,19.71,-155.08,83,90,2.1,US
Punta Arenas,1.0,-53.16,-70.91,100,75,3.6,CL
Hilo,24.0,19.71,-155.08,83,90,2.1,US
Port Alfred,17.79,-33.59,26.89,80,0,5.71,ZA
Tolaga Bay,11.79,-38.37,178.3,72,24,6.36,NZ
Kapaa,25.44,22.08,-159.32,78,20,9.3,US
Menongue,21.39,-14.66,17.68,30,0,1.76,AO
Sokolo,30.99,14.74,-6.12,65,88,5.06,ML
Busselton,17.64,-33.64,115.35,100,12,2.21,AU
Ushuaia,-1.0,-54.81,-68.31,86,75,2.6,AR
Chapadinha,20.64,-3.74,-43.35,91,32,1.01,BR
Vaini,21.44,15.34,74.49,100,100,1.96,IN
Victor Harbor,13.0,-35.55,138.62,66,75,3.1,AU
Naze,24.0,5.43,7.07,94,40,2.06,NG
Vaini,21.44,15.34,74.49,100,100,1.96,IN
Beringovskiy,6.34,63.05,179.32,100,92,2.71,RU
Ilulissat,2.0,69.22,-51.1,80,92,1.5,GL
Guerrero Negro,13.79,27.97,-114.04,100,32,1.26,MX
Zalantun,23.19,48.0,122.72,61,76,2.91,CN
Rikitea,24.94,-23.12,-134.97,99,76,5.81,PF
Bethel,12.0,60.79,-161.76,58,1,1.5,US
Atuona,26.99,-9.8,-139.03,100,92,8.51,PF
Punta Arenas,1.0,-53.16,-70.91,100,75,3.6,CL
Rodekro,13.28,55.07,9.32,87,75,5.7,DK
Busselton,17.64,-33.64,115.35,100,12,2.21,AU
Monte Patria,0.89,-30.69,-70.96,100,92,0.71,CL
San Pascual,26.19,13.78,121.03,99,80,1.21,PH
Bratsk,26.0,56.15,101.63,36,40,5.0,RU
Rikitea,24.94,-23.12,-134.97,99,76,5.81,PF
Nikolskoye,15.0,59.7,30.79,72,20,4.0,RU
Ust-Ishim,19.99,57.69,71.17,72,76,2.81,RU
Rikitea,24.94,-23.12,-134.97,99,76,5.81,PF
Los Llanos de Aridane,21.0,28.66,-17.92,73,20,1.5,ES
Kapaa,25.44,22.08,-159.32,78,20,9.3,US
Srednekolymsk,17.69,67.46,153.71,49,0,2.96,RU
Castelo Branco,24.94,39.82,-7.5,66,0,1.86,PT
Fuxin,33.79,42.02,121.65,40,64,6.01,CN
Hilo,24.0,19.71,-155.08,83,90,2.1,US
Vaini,21.44,15.34,74.49,100,100,1.96,IN
Arraial do Cabo,20.54,-22.97,-42.02,92,0,5.21,BR
Waipawa,10.89,-39.94,176.59,74,24,6.66,NZ
Isla Vista,17.16,34.41,-119.86,87,90,4.26,US
Hermanus,13.44,-34.42,19.24,80,32,2.76,ZA
Saint-Philippe,14.75,45.36,-73.48,100,90,2.6,CA
Rikitea,24.94,-23.12,-134.97,99,76,5.81,PF
Beringovskiy,6.34,63.05,179.32,100,92,2.71,RU
Barra do Garcas,13.39,-15.89,-52.26,78,0,1.11,BR
Jamestown,7.29,-33.21,138.6,69,0,2.91,AU
Ushuaia,-1.0,-54.81,-68.31,86,75,2.6,AR
Coihaique,2.9,-45.58,-72.07,77,40,4.6,CL
Carnarvon,4.94,-30.97,22.13,79,0,1.96,ZA
Nanakuli,24.78,21.39,-158.15,88,90,2.6,US
Clyde River,2.0,70.47,-68.59,87,1,1.0,CA
Ribeira Grande,20.0,38.52,-28.7,94,75,4.66,PT
Kaitangata,4.44,-46.28,169.85,73,0,7.26,NZ
Ribeira Grande,20.0,38.52,-28.7,94,75,4.66,PT
Georgetown,24.0,6.8,-58.16,94,40,2.1,GY
Nouadhibou,19.0,20.93,-17.03,82,0,7.7,MR
Merauke,27.84,-8.49,140.4,73,88,6.81,ID
Avarua,23.0,-21.21,-159.78,94,40,1.5,CK
Ushuaia,-1.0,-54.81,-68.31,86,75,2.6,AR
Chokurdakh,10.69,70.62,147.9,75,12,3.61,RU
Mataura,3.34,-46.19,168.86,90,12,4.81,NZ
Egvekinot,5.44,66.32,-179.17,80,64,2.56,RU
Eaglesfield,14.34,54.64,-3.4,82,8,1.61,GB
Kieta,23.49,-6.22,155.63,100,92,1.76,PG
Mataura,3.34,-46.19,168.86,90,12,4.81,NZ
Bluff,19.14,-23.58,149.07,37,24,4.96,AU
Pevek,2.14,69.7,170.27,80,48,4.26,RU
Pevek,2.14,69.7,170.27,80,48,4.26,RU
Caruray,28.64,10.31,119.01,100,20,1.21,PH
Kaitangata,4.44,-46.28,169.85,73,0,7.26,NZ
Hirara,30.0,24.8,125.28,79,75,5.7,JP
Hilo,24.0,19.71,-155.08,83,90,2.1,US
Antofagasta,11.0,-23.65,-70.4,87,0,1.0,CL
Havre-Saint-Pierre,13.0,50.23,-63.6,76,90,5.7,CA
Albany,14.73,42.65,-73.75,82,90,3.1,US
Longyearbyen,5.0,78.22,15.63,86,75,6.2,NO
Maldonado,8.0,-34.91,-54.96,65,40,5.7,UY
Lorengau,26.49,-2.02,147.27,100,8,2.61,PG
Puerto Ayora,21.84,-0.74,-90.35,98,64,4.11,EC
Namibe,21.44,-15.19,12.15,98,0,2.01,AO
Yar-Sale,13.74,66.83,70.83,68,48,6.31,RU
Vaini,21.44,15.34,74.49,100,100,1.96,IN
Bethel,12.0,60.79,-161.76,58,1,1.5,US
Dikson,1.09,73.51,80.55,97,8,5.81,RU
New Norfolk,10.0,-42.78,147.06,71,40,4.6,AU
Gwanda,21.79,-20.94,29.0,43,0,2.41,ZW
Noumea,18.0,-22.28,166.46,77,0,1.0,NC
Kruisfontein,17.19,-34.0,24.73,78,0,5.66,ZA
Souillac,19.45,45.6,-0.6,56,0,4.6,FR
Ahome,25.29,25.92,-109.18,76,0,3.66,MX
Cockburn Town,27.29,21.46,-71.14,100,20,8.81,TC
Itarema,25.19,-2.92,-39.92,76,24,5.06,BR
Kavieng,28.39,-2.57,150.8,100,48,0.61,PG
Busselton,17.64,-33.64,115.35,100,12,2.21,AU
Kodiak,21.0,39.95,-94.76,88,1,1.5,US
Severo-Kurilsk,6.84,50.68,156.12,93,36,3.86,RU
Vila Velha,23.0,-3.71,-38.6,73,0,4.1,BR
Bredasdorp,12.0,-34.53,20.04,81,80,1.5,ZA
Yar-Sale,13.74,66.83,70.83,68,48,6.31,RU
Port Alfred,17.79,-33.59,26.89,80,0,5.71,ZA
Vaini,21.44,15.34,74.49,100,100,1.96,IN
Machico,20.0,32.7,-16.77,77,20,1.5,PT
Ushuaia,-1.0,-54.81,-68.31,86,75,2.6,AR
Ribeira Grande,20.0,38.52,-28.7,94,75,4.66,PT
Kapaa,25.44,22.08,-159.32,78,20,9.3,US
Carbonear,12.0,47.73,-53.24,81,75,5.1,CA
Waipawa,10.89,-39.94,176.59,74,24,6.66,NZ
Puerto Ayora,21.84,-0.74,-90.35,98,64,4.11,EC
Egvekinot,5.44,66.32,-179.17,80,64,2.56,RU
Bluff,19.14,-23.58,149.07,37,24,4.96,AU
Cidreira,11.14,-30.17,-50.22,100,92,3.26,BR
Dunedin,1.94,-45.87,170.5,73,0,3.51,NZ
Mataura,3.34,-46.19,168.86,90,12,4.81,NZ
Busselton,17.64,-33.64,115.35,100,12,2.21,AU
East London,15.0,-33.02,27.91,58,0,5.7,ZA
Albany,14.73,42.65,-73.75,82,90,3.1,US
Hermanus,13.44,-34.42,19.24,80,32,2.76,ZA
Narsaq,4.0,60.91,-46.05,86,75,1.0,GL
Ouallam,29.04,14.32,2.08,69,24,2.36,NE
Puerto Ayora,21.84,-0.74,-90.35,98,64,4.11,EC
Vagur,10.84,61.47,-6.81,91,92,11.41,FO
Ternate,31.0,14.29,120.72,79,75,5.7,PH
Faanui,26.79,-16.48,-151.75,100,20,7.66,PF
Mataura,3.34,-46.19,168.86,90,12,4.81,NZ
Cidreira,11.14,-30.17,-50.22,100,92,3.26,BR
Bluff,19.14,-23.58,149.07,37,24,4.96,AU
Hermanus,13.44,-34.42,19.24,80,32,2.76,ZA
Chapais,8.0,49.78,-74.86,93,90,2.1,CA
Cherskiy,11.24,68.75,161.3,46,24,3.41,RU
Atuona,26.99,-9.8,-139.03,100,92,8.51,PF
Rikitea,24.94,-23.12,-134.97,99,76,5.81,PF
Torbay,12.0,47.66,-52.73,76,75,7.7,CA
Shancheng,29.59,26.9,117.17,68,8,1.21,CN
Tuktoyaktuk,2.0,69.44,-133.03,94,90,4.1,CA
Tuktoyaktuk,2.0,69.44,-133.03,94,90,4.1,CA
Kodiak,21.0,39.95,-94.76,88,1,1.5,US
Carnarvon,4.94,-30.97,22.13,79,0,1.96,ZA
Bluff,19.14,-23.58,149.07,37,24,4.96,AU
Hermanus,13.44,-34.42,19.24,80,32,2.76,ZA
Azzano Decimo,20.75,45.88,12.71,64,0,1.0,IT
Rikitea,24.94,-23.12,-134.97,99,76,5.81,PF
Mount Gambier,8.04,-37.83,140.78,92,88,0.91,AU
Rikitea,24.94,-23.12,-134.97,99,76,5.81,PF
Wenling,27.14,28.38,121.38,86,56,1.86,CN
Lagoa,21.0,37.14,-8.45,88,0,1.0,PT
Kapaa,25.44,22.08,-159.32,78,20,9.3,US
Busselton,17.64,-33.64,115.35,100,12,2.21,AU
Vicksburg,25.72,32.35,-90.88,94,1,2.1,US
Kruisfontein,17.19,-34.0,24.73,78,0,5.66,ZA
San Juan,26.0,18.47,-66.12,88,20,2.1,PR
Punta Arenas,1.0,-53.16,-70.91,100,75,3.6,CL
Leningradskiy,0.94,69.38,178.42,92,80,0.61,RU
Port-Gentil,24.0,-0.72,8.78,88,90,3.1,GA
Grand Gaube,24.0,-20.01,57.66,60,75,5.7,MU
Khatanga,17.59,71.98,102.47,83,0,3.76,RU
Carnarvon,4.94,-30.97,22.13,79,0,1.96,ZA
Bredasdorp,12.0,-34.53,20.04,81,80,1.5,ZA
Mar del Plata,4.44,-46.43,-67.52,80,24,8.36,AR
Montepuez,24.44,-13.13,39.0,64,0,4.76,MZ
Luderitz,14.54,-26.65,15.16,81,0,5.46,NA
Chokurdakh,10.69,70.62,147.9,75,12,3.61,RU
Mount Abu,34.44,24.59,72.71,51,56,1.51,IN
Albany,14.73,42.65,-73.75,82,90,3.1,US
Busselton,17.64,-33.64,115.35,100,12,2.21,AU
Cidreira,11.14,-30.17,-50.22,100,92,3.26,BR
Rikitea,24.94,-23.12,-134.97,99,76,5.81,PF
Timbiqui,22.44,2.77,-77.67,100,92,1.51,CO
Lavrentiya,4.04,65.58,-170.99,92,88,4.56,RU
Surt,26.19,31.21,16.59,78,0,1.76,LY
Solwezi,21.89,-12.18,26.4,45,12,3.11,ZM
Aklavik,4.0,68.22,-135.01,93,90,2.6,CA
Albany,14.73,42.65,-73.75,82,90,3.1,US
Hithadhoo,28.39,-0.6,73.08,100,44,3.91,MV
Codrington,8.54,-28.95,153.24,91,0,1.61,AU
Lagoa,21.0,37.14,-8.45,88,0,1.0,PT
Punta Arenas,1.0,-53.16,-70.91,100,75,3.6,CL
Avarua,23.0,-21.21,-159.78,94,40,1.5,CK
Chingirlau,29.89,51.09,54.08,30,0,3.81,KZ
Mataura,3.34,-46.19,168.86,90,12,4.81,NZ
Punta Arenas,1.0,-53.16,-70.91,100,75,3.6,CL
Parana,22.0,-7.52,-72.89,94,0,1.06,BR
Clyde River,2.0,70.47,-68.59,87,1,1.0,CA
Yellowknife,14.0,62.45,-114.38,93,75,1.5,CA
Punta Arenas,1.0,-53.16,-70.91,100,75,3.6,CL
Salalah,30.0,17.01,54.1,70,75,5.7,OM
Kapaa,25.44,22.08,-159.32,78,20,9.3,US
Moree,8.04,-29.46,149.84,75,0,1.41,AU
Ushuaia,-1.0,-54.81,-68.31,86,75,2.6,AR
Albany,14.73,42.65,-73.75,82,90,3.1,US
Leningradskiy,0.94,69.38,178.42,92,80,0.61,RU
Cape Town,13.0,-33.93,18.42,87,75,4.6,ZA
Rikitea,24.94,-23.12,-134.97,99,76,5.81,PF
Bluff,19.14,-23.58,149.07,37,24,4.96,AU
Mataura,3.34,-46.19,168.86,90,12,4.81,NZ
Cairns,21.0,-16.92,145.77,83,75,5.1,AU
Bluff,19.14,-23.58,149.07,37,24,4.96,AU
Karasjok,9.0,69.47,25.52,66,68,7.2,NO
Punta Arenas,1.0,-53.16,-70.91,100,75,3.6,CL
Mount Gambier,8.04,-37.83,140.78,92,88,0.91,AU
Butaritari,29.24,3.07,172.79,100,88,2.81,KI
Cape Town,13.0,-33.93,18.42,87,75,4.6,ZA
Inta,21.79,66.04,60.13,50,0,1.96,RU
Paamiut,3.24,61.99,-49.67,96,88,2.51,GL
Lengshuitan,31.49,26.41,111.6,69,20,4.91,CN
Bluff,19.14,-23.58,149.07,37,24,4.96,AU
Kupang,28.0,-10.16,123.6,51,20,10.3,ID
Vaini,21.44,15.34,74.49,100,100,1.96,IN
Kone,32.0,21.12,96.11,62,75,4.6,MM
Busselton,17.64,-33.64,115.35,100,12,2.21,AU
Beringovskiy,6.34,63.05,179.32,100,92,2.71,RU
Vaini,21.44,15.34,74.49,100,100,1.96,IN
San Rafael,-4.57,-34.61,-68.33,75,44,1.76,AR
Kodiak,21.0,39.95,-94.76,88,1,1.5,US
Bathsheba,27.0,13.22,-59.52,69,20,11.8,BB
Busselton,17.64,-33.64,115.35,100,12,2.21,AU
Kaabong,21.99,3.51,34.14,77,80,1.56,UG
Pisco,17.0,-13.71,-76.2,82,90,1.5,PE
Kapaa,25.44,22.08,-159.32,78,20,9.3,US
Dikson,1.09,73.51,80.55,97,8,5.81,RU
Qaanaaq,-0.42,77.48,-69.36,98,64,1.81,GL
Hobart,10.0,-42.88,147.33,71,40,4.6,AU
Cherskiy,11.24,68.75,161.3,46,24,3.41,RU
Laguna,24.04,27.52,-110.01,59,0,1.56,MX
Butaritari,29.24,3.07,172.79,100,88,2.81,KI
Sitka,22.99,37.17,-99.65,82,0,4.96,US
Saint-Augustin,20.55,44.83,-0.61,60,0,4.1,FR
Kensington,14.0,46.44,-63.64,93,90,1.5,CA
Hermanus,13.44,-34.42,19.24,80,32,2.76,ZA
Tateyama,28.0,36.66,137.31,54,75,3.6,JP
Kudahuvadhoo,28.49,2.67,72.89,100,68,2.06,MV
Maragogi,23.39,-9.01,-35.22,97,92,6.26,BR
Palauig,27.34,15.44,119.9,94,68,0.86,PH
Ushuaia,-1.0,-54.81,-68.31,86,75,2.6,AR
Bluff,19.14,-23.58,149.07,37,24,4.96,AU
Juneau,11.82,58.3,-134.42,71,90,1.16,US
Fortuna Foothills,27.0,32.66,-114.41,51,1,3.6,US
Den Helder,13.65,52.96,4.76,76,90,5.1,NL
Melito di Porto Salvo,24.45,37.92,15.77,61,40,1.5,IT
Badiraguato,23.34,25.36,-107.55,72,48,0.81,MX
Piacabucu,22.69,-10.41,-36.43,83,68,4.51,BR
Punta Arenas,1.0,-53.16,-70.91,100,75,3.6,CL
Nome,27.02,30.04,-94.42,83,75,2.1,US
Dingle,26.19,11.0,122.67,96,88,1.21,PH
Jamestown,7.29,-33.21,138.6,69,0,2.91,AU
East London,15.0,-33.02,27.91,58,0,5.7,ZA
Tiksi,23.19,71.64,128.87,54,76,2.51,RU
Baykit,24.94,61.68,96.39,61,0,1.66,RU
Cidreira,11.14,-30.17,-50.22,100,92,3.26,BR
Tolaga Bay,11.79,-38.37,178.3,72,24,6.36,NZ
Atuona,26.99,-9.8,-139.03,100,92,8.51,PF
Kahului,22.26,20.89,-156.47,83,40,5.7,US
Fortuna,24.96,38.18,-1.13,57,0,2.1,ES
Busselton,17.64,-33.64,115.35,100,12,2.21,AU
Ushuaia,-1.0,-54.81,-68.31,86,75,2.6,AR
Richards Bay,23.04,-28.77,32.06,67,0,6.01,ZA
Albany,14.73,42.65,-73.75,82,90,3.1,US
Mataura,3.34,-46.19,168.86,90,12,4.81,NZ
Kamen-Rybolov,18.59,44.75,132.04,82,24,1.61,RU
Guerrero Negro,13.79,27.97,-114.04,100,32,1.26,MX
Singkang,30.0,2.1,102.8,74,75,2.6,MY
Sioux Lookout,12.24,50.1,-91.92,87,90,3.6,CA
Busselton,17.64,-33.64,115.35,100,12,2.21,AU
New Norfolk,10.0,-42.78,147.06,71,40,4.6,AU
Torbay,12.0,47.66,-52.73,76,75,7.7,CA
Albury,9.63,-36.08,146.92,70,0,3.1,AU
Shirokiy,28.14,53.87,39.17,44,92,4.76,RU
Lisakovsk,24.04,52.55,62.49,46,80,6.51,KZ
Copala,22.64,16.61,-98.97,96,92,1.21,MX
Hilo,24.0,19.71,-155.08,83,90,2.1,US
Rikitea,24.94,-23.12,-134.97,99,76,5.81,PF
Rikitea,24.94,-23.12,-134.97,99,76,5.81,PF
Grindavik,8.0,63.84,-22.43,87,90,4.1,IS
Clyde River,2.0,70.47,-68.59,87,1,1.0,CA
Mataura,3.34,-46.19,168.86,90,12,4.81,NZ
Russell,5.0,-33.01,-68.8,85,0,1.0,AR
Longyearbyen,5.0,78.22,15.63,86,75,6.2,NO
Vangaindrano,18.29,-23.35,47.6,100,92,1.46,MG
Mbarara,24.29,-0.61,30.65,73,8,1.91,UG
Sjoholt,12.34,62.48,6.81,100,75,5.1,NO
Busselton,17.64,-33.64,115.35,100,12,2.21,AU
Kapaa,25.44,22.08,-159.32,78,20,9.3,US
Tasiilaq,4.0,65.61,-37.64,86,92,3.6,GL
Beringovskiy,6.34,63.05,179.32,100,92,2.71,RU
Rikitea,24.94,-23.12,-134.97,99,76,5.81,PF
Saskylakh,21.44,71.97,114.09,67,68,3.21,RU
Thompson,9.0,55.74,-97.86,66,20,1.5,CA
Vaini,21.44,15.34,74.49,100,100,1.96,IN
Songkhla,32.0,7.2,100.6,59,40,5.7,TH
Guerrero Negro,13.79,27.97,-114.04,100,32,1.26,MX
Kitui,23.14,-1.37,38.02,80,20,3.11,KE
Albany,14.73,42.65,-73.75,82,90,3.1,US
Matagami,22.19,9.67,8.4,98,44,1.96,NG
Oktyabrskiy,26.75,55.61,37.97,42,0,7.0,RU
Ponta Delgada,19.0,37.73,-25.67,68,20,2.1,PT
Ushuaia,-1.0,-54.81,-68.31,86,75,2.6,AR
Albany,14.73,42.65,-73.75,82,90,3.1,US
Carinhanha,17.74,-14.3,-43.77,95,0,4.46,BR
Leningradskiy,0.94,69.38,178.42,92,80,0.61,RU
Kapit,25.04,2.02,112.94,87,80,1.16,MY
Rikitea,24.94,-23.12,-134.97,99,76,5.81,PF
Kahului,22.26,20.89,-156.47,83,40,5.7,US
Kapaa,25.44,22.08,-159.32,78,20,9.3,US
Hilo,24.0,19.71,-155.08,83,90,2.1,US
Hobart,10.0,-42.88,147.33,71,40,4.6,AU
Mataura,3.34,-46.19,168.86,90,12,4.81,NZ
New Norfolk,10.0,-42.78,147.06,71,40,4.6,AU
Namanga,23.29,-2.55,36.79,51,8,2.81,KE
Hermanus,13.44,-34.42,19.24,80,32,2.76,ZA
Thompson,9.0,55.74,-97.86,66,20,1.5,CA
Nago,16.42,45.88,10.89,46,20,2.6,IT
Georgetown,24.0,6.8,-58.16,94,40,2.1,GY
Vaini,21.44,15.34,74.49,100,100,1.96,IN
Banda Aceh,29.29,5.56,95.32,70,56,2.56,ID
Chateaubelair,27.0,13.28,-61.25,78,75,10.3,VC
Butte,10.0,46.01,-112.54,81,90,1.5,US
Half Moon Bay,17.65,37.46,-122.43,100,75,4.6,US
Ushuaia,-1.0,-54.81,-68.31,86,75,2.6,AR
Castro,2.84,-42.48,-73.76,100,92,2.11,CL
San Juan,26.0,18.47,-66.12,88,20,2.1,PR
Dingle,26.19,11.0,122.67,96,88,1.21,PH
College,15.26,64.86,-147.8,48,64,2.6,US
Jalu,34.34,29.03,21.55,34,20,3.31,LY
Atuona,26.99,-9.8,-139.03,100,92,8.51,PF
San Patricio,13.79,-26.98,-56.83,100,92,4.26,PY
Sabzevar,36.0,36.21,57.68,18,20,6.2,IR
Ponta Delgada,19.0,37.73,-25.67,68,20,2.1,PT
Khatanga,17.59,71.98,102.47,83,0,3.76,RU
Rocha,2.19,-34.48,-54.34,86,0,3.51,UY
Busselton,17.64,-33.64,115.35,100,12,2.21,AU
Esperance,26.0,10.24,-61.45,88,75,3.6,TT
Thompson,9.0,55.74,-97.86,66,20,1.5,CA
Cabo San Lucas,21.84,22.89,-109.91,100,0,5.21,MX
Talnakh,18.39,69.49,88.39,62,32,4.56,RU
Sabang,28.04,13.72,123.58,92,56,1.86,PH
Macamic,9.0,48.75,-79.0,81,90,7.2,CA
Ahipara,13.34,-35.17,173.16,97,48,7.11,NZ
Vaini,21.44,15.34,74.49,100,100,1.96,IN
Busselton,17.64,-33.64,115.35,100,12,2.21,AU
Zhigansk,23.79,66.77,123.37,39,32,1.51,RU
Beringovskiy,6.34,63.05,179.32,100,92,2.71,RU
Bandarbeyla,26.94,9.49,50.81,72,24,13.06,SO
Port Macquarie,13.0,-31.43,152.91,66,0,2.1,AU
Qaqortoq,4.0,60.72,-46.03,86,75,1.0,GL
Cape Town,13.0,-33.93,18.42,87,75,4.6,ZA
Lima,10.49,-12.06,-77.04,78,12,0.96,PE
Klaksvik,10.0,62.23,-6.59,100,68,5.7,FO
Santa Rosa,-6.07,-36.62,-64.29,63,0,1.96,AR
Kavieng,28.39,-2.57,150.8,100,48,0.61,PG
Hobart,10.0,-42.88,147.33,71,40,4.6,AU
Ushuaia,-1.0,-54.81,-68.31,86,75,2.6,AR
Torbay,12.0,47.66,-52.73,76,75,7.7,CA
Atuona,26.99,-9.8,-139.03,100,92,8.51,PF
Kahului,22.26,20.89,-156.47,83,40,5.7,US
Noumea,18.0,-22.28,166.46,77,0,1.0,NC
Vredendal,13.39,-31.68,18.49,80,36,1.76,ZA
Atuona,26.99,-9.8,-139.03,100,92,8.51,PF
Port Elizabeth,20.52,39.31,-74.98,100,75,1.31,US
Arraial do Cabo,20.54,-22.97,-42.02,92,0,5.21,BR
Cape Town,13.0,-33.93,18.42,87,75,4.6,ZA
Morant Bay,28.0,17.88,-76.41,78,20,5.1,JM
Biak,26.34,-0.91,122.88,90,68,1.76,ID
Saint George,17.0,39.45,22.34,93,90,2.1,GR
Mobaye,28.29,4.33,21.18,82,8,1.21,CF
Leningradskiy,0.94,69.38,178.42,92,80,0.61,RU
Vaini,21.44,15.34,74.49,100,100,1.96,IN
Tuktoyaktuk,2.0,69.44,-133.03,94,90,4.1,CA
Bluff,19.14,-23.58,149.07,37,24,4.96,AU
Rikitea,24.94,-23.12,-134.97,99,76,5.81,PF
La Ronge,16.0,55.1,-105.3,82,40,2.6,CA
Hilo,24.0,19.71,-155.08,83,90,2.1,US
Amga,20.69,60.89,131.98,56,0,1.61,RU
Albany,14.73,42.65,-73.75,82,90,3.1,US
Flinders,10.0,-34.58,150.85,53,0,2.1,AU
Ushuaia,-1.0,-54.81,-68.31,86,75,2.6,AR
Butaritari,29.24,3.07,172.79,100,88,2.81,KI
Atuona,26.99,-9.8,-139.03,100,92,8.51,PF
Punta Arenas,1.0,-53.16,-70.91,100,75,3.6,CL
Nipawin,16.0,53.36,-104.02,93,90,2.1,CA
Lagoa,21.0,37.14,-8.45,88,0,1.0,PT
Clyde River,2.0,70.47,-68.59,87,1,1.0,CA
La Rochelle,20.0,46.16,-1.15,56,0,6.2,FR
Mayor Pablo Lagerenza,19.04,-19.93,-60.77,99,80,9.81,PY
Mount Gambier,8.04,-37.83,140.78,92,88,0.91,AU
Jiwani,35.24,25.05,61.74,66,0,3.86,PK
Atuona,26.99,-9.8,-139.03,100,92,8.51,PF
Ponta do Sol,12.89,-20.63,-46.0,81,0,1.21,BR
East London,15.0,-33.02,27.91,58,0,5.7,ZA
Port Alfred,17.79,-33.59,26.89,80,0,5.71,ZA
Salamanca,23.0,40.97,-5.66,53,0,1.0,ES
Jaguarao,4.09,-32.57,-53.38,90,0,4.56,BR
Hobart,10.0,-42.88,147.33,71,40,4.6,AU
Vaini,21.44,15.34,74.49,100,100,1.96,IN
Nizhniy Kuranakh,21.54,58.84,125.49,58,64,1.21,RU
Garca,20.79,-22.21,-49.66,74,88,0.96,BR
Atuona,26.99,-9.8,-139.03,100,92,8.51,PF
Lavrentiya,4.04,65.58,-170.99,92,88,4.56,RU
Mataura,3.34,-46.19,168.86,90,12,4.81,NZ
Constitucion,13.24,23.99,-104.67,88,64,2.31,MX
Albany,14.73,42.65,-73.75,82,90,3.1,US
Ushuaia,-1.0,-54.81,-68.31,86,75,2.6,AR
Champerico,19.34,16.38,-93.6,92,12,1.11,MX
Rikitea,24.94,-23.12,-134.97,99,76,5.81,PF
Geraldton,9.0,49.72,-86.95,81,75,4.1,CA
Saint-Philippe,14.75,45.36,-73.48,100,90,2.6,CA
Muravlenko,14.84,63.79,74.5,100,92,2.96,RU
Ushuaia,-1.0,-54.81,-68.31,86,75,2.6,AR
Ivangorod,15.34,59.38,28.23,78,92,4.11,RU
Khandbari,9.54,27.38,87.21,63,44,0.26,NP
Ulladulla,10.0,-35.36,150.48,53,0,2.1,AU
Rikitea,24.94,-23.12,-134.97,99,76,5.81,PF
Mehamn,6.69,71.03,27.85,99,92,9.16,NO
Nanortalik,2.49,60.14,-45.24,98,92,5.66,GL
Punta Arenas,1.0,-53.16,-70.91,100,75,3.6,CL
Codrington,8.54,-28.95,153.24,91,0,1.61,AU
Atuona,26.99,-9.8,-139.03,100,92,8.51,PF
Emba,27.86,34.81,32.42,66,40,3.6,CY
Bluff,19.14,-23.58,149.07,37,24,4.96,AU
Punta Arenas,1.0,-53.16,-70.91,100,75,3.6,CL
Georgetown,24.0,6.8,-58.16,94,40,2.1,GY
Bluff,19.14,-23.58,149.07,37,24,4.96,AU
Tommot,20.94,58.97,126.27,61,68,1.16,RU
Saldanha,24.44,41.42,-6.55,56,0,2.11,PT
Essen,15.01,51.46,7.01,67,90,4.1,DE
Buala,25.84,-8.15,159.59,100,92,4.71,SB
Saint-Philippe,14.75,45.36,-73.48,100,90,2.6,CA
Vaini,21.44,15.34,74.49,100,100,1.96,IN
Batagay-Alyta,23.44,67.8,130.41,39,64,1.46,RU
Los Llanos de Aridane,21.0,28.66,-17.92,73,20,1.5,ES
Cockburn Town,27.29,21.46,-71.14,100,20,8.81,TC
Lakselv,8.43,70.05,24.96,66,92,7.2,NO
Kyshtovka,23.14,56.56,76.62,59,56,3.46,RU
Fukue,28.0,35.03,136.69,61,75,2.1,JP
Eureka,11.01,40.8,-124.16,100,1,1.5,US
Dubbo,11.0,-32.25,148.6,50,0,4.1,AU
Rikitea,24.94,-23.12,-134.97,99,76,5.81,PF
Vaini,21.44,15.34,74.49,100,100,1.96,IN
Ushuaia,-1.0,-54.81,-68.31,86,75,2.6,AR
Castro,2.84,-42.48,-73.76,100,92,2.11,CL
Busselton,17.64,-33.64,115.35,100,12,2.21,AU
Rikitea,24.94,-23.12,-134.97,99,76,5.81,PF
Jamestown,7.29,-33.21,138.6,69,0,2.91,AU
Kodiak,21.0,39.95,-94.76,88,1,1.5,US
Komsomolskiy,18.84,67.55,63.78,60,0,5.36,RU
Vaini,21.44,15.34,74.49,100,100,1.96,IN
Nampula,25.14,-15.12,39.26,53,0,3.21,MZ
Bichena,23.74,10.45,38.2,57,0,0.86,ET
New Norfolk,10.0,-42.78,147.06,71,40,4.6,AU
Ushuaia,-1.0,-54.81,-68.31,86,75,2.6,AR
Sinnamary,25.04,5.38,-52.96,100,76,1.61,GF
Cape Town,13.0,-33.93,18.42,87,75,4.6,ZA
Albany,14.73,42.65,-73.75,82,90,3.1,US
Baghdad,37.0,33.3,44.38,29,0,7.7,IQ
Mataura,3.34,-46.19,168.86,90,12,4.81,NZ
Dawei,22.14,14.07,98.19,100,92,0.86,MM
Ifanadiana,18.34,-21.3,47.64,90,76,1.76,MG
Vaini,21.44,15.34,74.49,100,100,1.96,IN
Avera,23.61,33.19,-82.53,94,1,1.66,US
Georgetown,24.0,6.8,-58.16,94,40,2.1,GY
Albany,14.73,42.65,-73.75,82,90,3.1,US
Port Elizabeth,20.52,39.31,-74.98,100,75,1.31,US
Flin Flon,15.19,54.77,-101.88,81,0,2.31,CA
Khatanga,17.59,71.98,102.47,83,0,3.76,RU
Butaritari,29.24,3.07,172.79,100,88,2.81,KI
Lubumbashi,23.34,-11.66,27.48,40,20,4.96,CD
Taltal,7.69,-25.41,-70.49,100,36,0.96,CL
Vaini,21.44,15.34,74.49,100,100,1.96,IN
Saint-Philippe,14.75,45.36,-73.48,100,90,2.6,CA
Iqaluit,3.0,63.75,-68.52,86,90,5.1,CA
Arraial do Cabo,20.54,-22.97,-42.02,92,0,5.21,BR
Yumen,26.44,40.29,97.04,41,64,1.96,CN
Potsdam,12.51,52.4,13.06,93,90,5.1,DE
Albany,14.73,42.65,-73.75,82,90,3.1,US
Rikitea,24.94,-23.12,-134.97,99,76,5.81,PF
Egvekinot,5.44,66.32,-179.17,80,64,2.56,RU
Progreso,7.0,-34.68,-56.22,65,75,5.7,UY
Thunder Bay,12.0,48.41,-89.26,81,90,6.2,CA
Moron,20.14,10.49,-68.2,96,76,0.61,VE
Maldonado,8.0,-34.91,-54.96,65,40,5.7,UY
Atbasar,21.74,51.81,68.36,68,68,4.46,KZ
Bredasdorp,12.0,-34.53,20.04,81,80,1.5,ZA
Bubaque,26.0,11.28,-15.83,88,90,2.1,GW
Butaritari,29.24,3.07,172.79,100,88,2.81,KI
Kloulklubed,27.97,7.04,134.26,79,75,2.1,PW
Hasaki,25.0,35.73,140.83,78,75,2.1,JP
Bereznehuvate,19.64,47.31,32.85,66,0,4.26,UA
Qaanaaq,-0.42,77.48,-69.36,98,64,1.81,GL
Esperance,26.0,10.24,-61.45,88,75,3.6,TT
Caravelas,25.04,-17.73,-39.27,98,12,4.26,BR
Rikitea,24.94,-23.12,-134.97,99,76,5.81,PF
Atuona,26.99,-9.8,-139.03,100,92,8.51,PF
Ushuaia,-1.0,-54.81,-68.31,86,75,2.6,AR
Ilulissat,2.0,69.22,-51.1,80,92,1.5,GL
Punta Arenas,1.0,-53.16,-70.91,100,75,3.6,CL
Uray,22.64,60.13,64.8,56,8,6.11,RU
Hermanus,13.44,-34.42,19.24,80,32,2.76,ZA
Cherskiy,11.24,68.75,161.3,46,24,3.41,RU
Busselton,17.64,-33.64,115.35,100,12,2.21,AU
Punta Arenas,1.0,-53.16,-70.91,100,75,3.6,CL
Nikolskoye,15.0,59.7,30.79,72,20,4.0,RU
Kavieng,28.39,-2.57,150.8,100,48,0.61,PG
Constitucion,13.24,23.99,-104.67,88,64,2.31,MX
Hithadhoo,28.39,-0.6,73.08,100,44,3.91,MV
Cidreira,11.14,-30.17,-50.22,100,92,3.26,BR
Mount Darwin,18.49,-16.77,31.58,71,20,2.66,ZW
Bluff,19.14,-23.58,149.07,37,24,4.96,AU
Ushuaia,-1.0,-54.81,-68.31,86,75,2.6,AR
Ushuaia,-1.0,-54.81,-68.31,86,75,2.6,AR
Atuona,26.99,-9.8,-139.03,100,92,8.51,PF
Dodoma,25.24,-6.18,35.75,44,8,4.51,TZ
Bredasdorp,12.0,-34.53,20.04,81,80,1.5,ZA
Thompson,9.0,55.74,-97.86,66,20,1.5,CA
Labuhan,26.54,-2.54,115.51,79,48,1.51,ID
Mataura,3.34,-46.19,168.86,90,12,4.81,NZ
Port Elizabeth,20.52,39.31,-74.98,100,75,1.31,US
Cape Town,13.0,-33.93,18.42,87,75,4.6,ZA
Busselton,17.64,-33.64,115.35,100,12,2.21,AU
Port Elizabeth,20.52,39.31,-74.98,100,75,1.31,US
Baykit,24.94,61.68,96.39,61,0,1.66,RU
Cayenne,23.0,4.94,-52.33,100,90,1.11,GF
Korhogo,25.44,9.46,-5.63,87,88,4.46,CI
Teya,25.0,21.05,-89.07,94,90,4.1,MX
Butaritari,29.24,3.07,172.79,100,88,2.81,KI
Bluff,19.14,-23.58,149.07,37,24,4.96,AU
Ilulissat,2.0,69.22,-51.1,80,92,1.5,GL
San Cristobal,10.0,-0.39,-78.55,93,75,3.1,EC
Barrow,-0.97,-38.31,-60.23,37,0,5.06,AR
Chicama,17.0,-7.84,-79.15,93,90,2.1,PE
Hermanus,13.44,-34.42,19.24,80,32,2.76,ZA
Mar del Plata,4.44,-46.43,-67.52,80,24,8.36,AR
Port Alfred,17.79,-33.59,26.89,80,0,5.71,ZA
Port Alfred,17.79,-33.59,26.89,80,0,5.71,ZA
Rikitea,24.94,-23.12,-134.97,99,76,5.81,PF
Tiksi,23.19,71.64,128.87,54,76,2.51,RU
Punta Arenas,1.0,-53.16,-70.91,100,75,3.6,CL
Nikolskoye,15.0,59.7,30.79,72,20,4.0,RU
Martapura,32.0,-3.41,114.85,59,20,4.6,ID
Lebu,23.09,8.96,38.73,35,64,1.61,ET
East London,15.0,-33.02,27.91,58,0,5.7,ZA
Rikitea,24.94,-23.12,-134.97,99,76,5.81,PF
Kapaa,25.44,22.08,-159.32,78,20,9.3,US
Vila Franca do Campo,19.0,37.72,-25.43,68,20,2.1,PT
Nisia Floresta,23.0,-6.09,-35.21,83,20,4.1,BR
Punta Arenas,1.0,-53.16,-70.91,100,75,3.6,CL
Punta Arenas,1.0,-53.16,-70.91,100,75,3.6,CL
Khatanga,17.59,71.98,102.47,83,0,3.76,RU
Rikitea,24.94,-23.12,-134.97,99,76,5.81,PF
Rikitea,24.94,-23.12,-134.97,99,76,5.81,PF
Butaritari,29.24,3.07,172.79,100,88,2.81,KI
Abha,28.06,18.22,42.5,8,0,5.1,SA
Ushuaia,-1.0,-54.81,-68.31,86,75,2.6,AR
Vaini,21.44,15.34,74.49,100,100,1.96,IN
Ushuaia,-1.0,-54.81,-68.31,86,75,2.6,AR
Port Elizabeth,20.52,39.31,-74.98,100,75,1.31,US
Ushuaia,-1.0,-54.81,-68.31,86,75,2.6,AR
Sambava,25.34,-14.27,50.17,100,68,8.16,MG
Beringovskiy,6.34,63.05,179.32,100,92,2.71,RU
Maxixe,22.0,-23.86,35.35,88,0,3.76,MZ
Vestmannaeyjar,9.49,63.44,-20.27,100,92,3.46,IS
Cape Town,13.0,-33.93,18.42,87,75,4.6,ZA
Bambous Virieux,24.0,-20.34,57.76,60,75,5.7,MU
Narsaq,4.0,60.91,-46.05,86,75,1.0,GL
Lebu,23.09,8.96,38.73,35,64,1.61,ET
Yellowknife,14.0,62.45,-114.38,93,75,1.5,CA
Vadlapudi,34.94,14.32,79.8,47,68,4.91,IN
Kayerkan,19.79,69.35,87.76,81,32,5.61,RU
Cape Town,13.0,-33.93,18.42,87,75,4.6,ZA
Viedma,-0.32,-40.81,-62.99,66,0,5.46,AR
Chokurdakh,10.69,70.62,147.9,75,12,3.61,RU
Tura,30.04,25.52,90.21,85,88,1.01,IN
Yumen,26.44,40.29,97.04,41,64,1.96,CN
Beloha,26.49,-25.17,45.06,44,0,3.36,MG
Mataura,3.34,-46.19,168.86,90,12,4.81,NZ
Albany,14.73,42.65,-73.75,82,90,3.1,US
Roebourne,24.09,-20.77,117.15,16,0,4.31,AU
Ushuaia,-1.0,-54.81,-68.31,86,75,2.6,AR
Yellowknife,14.0,62.45,-114.38,93,75,1.5,CA
Albany,14.73,42.65,-73.75,82,90,3.1,US
Albany,14.73,42.65,-73.75,82,90,3.1,US
Pacific Grove,14.0,36.62,-121.92,87,90,3.1,US
Egvekinot,5.44,66.32,-179.17,80,64,2.56,RU
Rikitea,24.94,-23.12,-134.97,99,76,5.81,PF
Hamilton,16.54,43.26,-79.87,100,90,2.1,CA
Barrow,-0.97,-38.31,-60.23,37,0,5.06,AR
Vaini,21.44,15.34,74.49,100,100,1.96,IN
Beringovskiy,6.34,63.05,179.32,100,92,2.71,RU
Port Alfred,17.79,-33.59,26.89,80,0,5.71,ZA
Jamestown,7.29,-33.21,138.6,69,0,2.91,AU
Kaitangata,4.44,-46.28,169.85,73,0,7.26,NZ
Bluff,19.14,-23.58,149.07,37,24,4.96,AU
Egvekinot,5.44,66.32,-179.17,80,64,2.56,RU
Gawler,13.0,-34.6,138.75,66,75,3.1,AU
Ribeira Grande,20.0,38.52,-28.7,94,75,4.66,PT
Pisco,17.0,-13.71,-76.2,82,90,1.5,PE
Cherskiy,11.24,68.75,161.3,46,24,3.41,RU
Mayskiy,26.0,43.63,44.06,54,40,5.0,RU
Saint-Philippe,14.75,45.36,-73.48,100,90,2.6,CA
Punta Arenas,1.0,-53.16,-70.91,100,75,3.6,CL
Atuona,26.99,-9.8,-139.03,100,92,8.51,PF
Mpika,22.14,-11.84,31.4,47,0,5.26,ZM
Provideniya,5.09,64.42,-173.23,100,88,6.16,RU
New Norfolk,10.0,-42.78,147.06,71,40,4.6,AU
Vaini,21.44,15.34,74.49,100,100,1.96,IN
Coquimbo,7.0,-29.95,-71.34,87,0,2.6,CL
Port Elizabeth,20.52,39.31,-74.98,100,75,1.31,US
Manggar,25.64,-2.88,108.27,100,92,2.71,ID
Bredasdorp,12.0,-34.53,20.04,81,80,1.5,ZA
Castro,2.84,-42.48,-73.76,100,92,2.11,CL
Hithadhoo,28.39,-0.6,73.08,100,44,3.91,MV
Atuona,26.99,-9.8,-139.03,100,92,8.51,PF
Kavaratti,26.69,10.57,72.64,100,76,7.51,IN
Chuy,4.59,-33.69,-53.46,99,0,5.26,UY
Qaanaaq,-0.42,77.48,-69.36,98,64,1.81,GL
Bethel,12.0,60.79,-161.76,58,1,1.5,US
Port Hardy,12.0,50.7,-127.42,87,75,1.0,CA
Qaanaaq,-0.42,77.48,-69.36,98,64,1.81,GL
Kodiak,21.0,39.95,-94.76,88,1,1.5,US
Mbanza-Ngungu,24.89,-5.25,14.87,84,0,2.21,CD
Ushuaia,-1.0,-54.81,-68.31,86,75,2.6,AR
Kloulklubed,27.97,7.04,134.26,79,75,2.1,PW
Touros,24.84,-5.2,-35.46,90,12,6.36,BR
Eastbourne,19.54,-27.81,30.13,20,0,2.56,ZA
Dali,23.09,25.6,100.24,74,48,0.81,CN
Busselton,17.64,-33.64,115.35,100,12,2.21,AU
Tolaga Bay,11.79,-38.37,178.3,72,24,6.36,NZ
Barrow,-0.97,-38.31,-60.23,37,0,5.06,AR
Labuhan,26.54,-2.54,115.51,79,48,1.51,ID
Ribeira Grande,20.0,38.52,-28.7,94,75,4.66,PT
Norman Wells,15.0,65.28,-126.83,72,75,6.7,CA
Ushuaia,-1.0,-54.81,-68.31,86,75,2.6,AR
Lavrentiya,4.04,65.58,-170.99,92,88,4.56,RU
Punta Arenas,1.0,-53.16,-70.91,100,75,3.6,CL
Arraial do Cabo,20.54,-22.97,-42.02,92,0,5.21,BR
Mataura,3.34,-46.19,168.86,90,12,4.81,NZ
Ilulissat,2.0,69.22,-51.1,80,92,1.5,GL
Avarua,23.0,-21.21,-159.78,94,40,1.5,CK
Huanren,27.24,41.26,125.37,68,0,1.06,CN
Qasigiannguit,2.0,68.82,-51.19,80,92,1.5,GL
Sisimiut,0.64,66.94,-53.67,100,48,1.06,GL
Vaini,21.44,15.34,74.49,100,100,1.96,IN
Kodiak,21.0,39.95,-94.76,88,1,1.5,US
Egvekinot,5.44,66.32,-179.17,80,64,2.56,RU
Walvis Bay,9.0,-22.95,14.51,93,5,1.5,NA
Rikitea,24.94,-23.12,-134.97,99,76,5.81,PF
Kargasok,23.59,59.06,80.87,48,0,2.16,RU
Kapaa,25.44,22.08,-159.32,78,20,9.3,US
Bluff,19.14,-23.58,149.07,37,24,4.96,AU
Dunedin,1.94,-45.87,170.5,73,0,3.51,NZ
Ushuaia,-1.0,-54.81,-68.31,86,75,2.6,AR
Coquimbo,7.0,-29.95,-71.34,87,0,2.6,CL
Puerto Ayora,21.84,-0.74,-90.35,98,64,4.11,EC
Avarua,23.0,-21.21,-159.78,94,40,1.5,CK
Aquiraz,23.0,-3.9,-38.39,73,0,4.1,BR
Gulbene,11.54,57.18,26.75,100,92,7.96,LV
Atuona,26.99,-9.8,-139.03,100,92,8.51,PF
Bredasdorp,12.0,-34.53,20.04,81,80,1.5,ZA
Mataura,3.34,-46.19,168.86,90,12,4.81,NZ
Son La,22.14,21.32,103.9,98,92,0.91,VN
Troitsko-Pechorsk,24.54,62.71,56.19,48,12,1.91,RU
Tazovskiy,21.24,67.47,78.7,90,56,0.96,RU
Sidi Ali,31.79,36.1,0.42,43,0,1.21,DZ
Mar del Plata,4.44,-46.43,-67.52,80,24,8.36,AR
